
[
  {
    "id":"1",
    "name":"해린",
    "imgs":"https://i.pinimg.com/564x/f0/f7/d1/f0f7d1d39210d4ddfcc008ba843c000d.jpg",
    "msg":"야옹",
    "email":"newjeans@haerin.com",
    "chats":[
      "뉴진스의",
      "하입보이요 커즈 아아아아",
      "..."
    ]
  },
  {
    "id":"2",
    "name":"하니",
    "imgs":"https://i.pinimg.com/564x/63/02/1b/63021b6e482b819d5f497037613e44f4.jpg",
    "msg":"깡총!",
    "email":"newjeans@hanni.com",
    "chats":[
      "서연아",
      "이따 꾀배기 사 먹을래?",
      "ㅋㅋ"
    ]
  },
  {
    "id":"3",
    "name":"민지",
    "imgs":"https://i.pinimg.com/564x/7a/15/34/7a1534d08659e0cde34e226eb4aa88b7.jpg",
    "msg":"깡총",
    "email":"newjeans@minji.com",
    "chats":[
      "서연아",
      "나는 고양이야, 강아지야?",
      "강아지겠지?"
    ]

  },
  {
    "id":"4",
    "name":"혜인",
    "imgs":"https://i.pinimg.com/564x/9c/e1/1e/9ce11ed4d1ebba6f863306cd6217c3d5.jpg",
    "msg":"깡총깡총!",
    "email":"newjeans@hyein.com",
    "chats":[
      "좋은 하루 되세요",
      "가는 말이 고와야 오는 말이",
      "곱다"
    ]

  },
  {
    "id":"5",
    "name":"다니엘",
    "imgs":"https://humor.galaxystorages.com/wp-content/uploads/2023/04/%EB%89%B4%EC%A7%84%EC%8A%A4-%EB%8B%A4%EB%8B%88%EC%97%98-%E2%80%A5.jpeg",
    "msg":"헤헤",
    "email":"newjeans@daniel.com",
    "chats":[
      "딥티크의 탐다오와 플레르 드 뽀",
      "우디하거나 혹은 포근한 향이 나",
      "좋아하는 향수"
    ]
  },
  {
    "id":"6",
    "name":"반희수",
    "imgs":"https://flexible.img.hani.co.kr/flexible/normal/970/532/imgdb/original/2022/1226/20221226503445.jpg",
    "msg":".",
    "email":"bunny@soo.com",
    "chats":[
      "내 이름은",
      "반희수야",
      "너 혹시 해린이 알아?"
    ]
  },
  {
    "id":"7",
    "name":"손다롱",
    "imgs":"https://cdn.psnews.co.kr/news/photo/202104/1564847_25761_2521.JPG",
    "msg":"다롱부릉",
    "email":"darong@pink.com",
    "chats":[
      "다롱다롱즈는",
      "예쁘다",
      "제니랑 똑같이 생겼어"
    ]
  },
  {
    "id":"8",
    "name":"민동싼",
    "imgs":"https://cdn.newsculture.press/news/photo/202302/518052_636666_596.jpg",
    "msg":"민둥민둥",
    "email":"meen@dong.com",
    "chats":[
      "소고기",
      "맛있다",
      "소고기 사 줘"
    ]
  }
]